"Variable","Mean","SD","CV"
"year",2006.50197830843,4.45199422505492,0.22187838702298
"age",47.1800812818237,17.2874997256783,36.6415217100068
"tvhours",2.98077092705301,2.58715081412882,86.7946875973676
