"marital","mean_tv_hours"
"No answer",2.55555555555556
"Never married",3.10517529215359
"Separated",3.54961832061069
"Divorced",3.085407239819
"Widowed",3.912
"Married",2.65042536736272
